launch_id,Date,Mission_Status
1,10,1
2,11,1
3,12,0
4,2,1
5,2,0
6,3,0
7,3,1
8,3,1
9,4,0
10,4,0
11,5,1
12,5,0
13,6,0
14,7,0
15,7,1
16,8,0
17,8,0
18,8,0
19,8,0
20,8,0
21,8,0
22,8,0
23,9,0
24,9,0
25,10,0
26,10,0
27,10,0
28,11,0
29,12,0
30,12,0
31,12,1
32,1,0
33,2,1
34,2,0
35,4,1
36,4,0
37,6,0
38,6,0
39,6,0
40,6,0
41,8,1
42,8,1
43,8,1
44,9,0
45,9,1
46,9,0
47,9,0
48,10,1
49,11,1
50,11,0
51,11,0
52,2,0
53,2,0
54,2,0
55,3,1
56,4,1
57,4,1
58,4,0
59,4,1
60,4,0
61,5,0
62,5,1
63,5,1
64,6,1
65,6,0
66,7,0
67,7,0
68,8,1
69,8,1
70,8,1
71,8,0
72,8,1
73,9,1
74,9,0
75,10,1
76,10,0
77,10,0
78,10,0
79,10,0
80,11,1
81,11,0
82,11,1
83,11,0
84,12,1
85,12,0
86,12,1
87,12,0
88,12,1
89,12,1
90,12,0
91,1,1
92,1,1
93,2,0
94,2,1
95,2,1
96,2,1
97,2,1
98,2,1
99,2,1
100,3,1
101,3,1
102,3,1
103,3,1
104,3,0
105,4,1
106,4,1
107,4,0
108,5,1
109,6,0
110,6,1
111,6,1
112,6,0
113,7,1
114,7,1
115,7,1
116,7,1
117,7,0
118,8,0
119,8,1
120,8,1
121,8,0
122,8,0
123,8,1
124,9,0
125,9,1
126,9,1
127,9,1
128,10,1
129,10,0
130,10,0
131,10,0
132,11,0
133,11,0
134,11,1
135,11,1
136,11,0
137,11,0
138,11,1
139,12,0
140,12,1
141,12,0
142,12,0
143,1,0
144,1,0
145,1,0
146,2,1
147,2,1
148,2,0
149,2,1
150,3,1
151,3,1
152,3,1
153,4,1
154,4,1
155,4,1
156,4,1
157,4,1
158,4,1
159,4,0
160,4,1
161,4,1
162,4,1
163,5,0
164,5,0
165,5,1
166,5,0
167,5,1
168,5,1
169,5,1
170,6,0
171,6,1
172,6,1
173,6,1
174,6,1
175,6,1
176,6,1
177,6,1
178,7,1
179,7,1
180,7,1
181,7,0
182,7,1
183,7,1
184,8,1
185,8,1
186,8,1
187,8,1
188,8,1
189,8,1
190,8,0
191,8,1
192,8,1
193,9,0
194,9,1
195,9,0
196,9,1
197,9,1
198,9,1
199,9,1
200,9,1
201,10,1
202,10,1
203,10,1
204,10,1
205,10,1
206,10,1
207,10,0
208,10,0
209,10,1
210,10,1
211,10,1
212,11,1
213,11,0
214,11,1
215,11,1
216,11,1
217,12,1
218,12,1
219,12,1
220,12,1
221,12,1
222,12,0
223,12,1
224,12,1
225,1,0
226,2,0
227,2,1
228,3,1
229,4,1
230,4,0
231,4,0
232,4,1
233,4,1
234,4,0
235,4,1
236,5,1
237,5,1
238,5,1
239,5,1
240,6,0
241,6,0
242,6,1
243,6,1
244,6,1
245,6,1
246,7,0
247,7,1
248,7,1
249,8,1
250,8,0
251,9,1
252,9,0
253,10,1
254,10,1
255,10,0
256,10,1
257,11,1
258,11,1
259,11,1
260,11,1
261,11,0
262,12,1
263,12,1
264,12,1
265,12,1
266,1,1
267,1,1
268,1,1
269,2,0
270,2,1
271,2,1
272,3,1
273,3,1
274,3,0
275,3,0
276,4,1
277,4,1
278,4,1
279,4,1
280,4,0
281,4,1
282,4,1
283,5,1
284,5,1
285,5,1
286,6,0
287,6,1
288,6,1
289,6,1
290,6,0
291,7,1
292,7,1
293,7,1
294,7,1
295,7,1
296,7,1
297,7,1
298,8,1
299,8,1
300,8,1
301,8,1
302,8,1
303,8,1
304,9,0
305,9,1
306,9,1
307,9,1
308,9,1
309,9,1
310,10,1
311,10,0
312,10,1
313,10,1
314,10,1
315,10,0
316,10,1
317,10,1
318,11,0
319,11,1
320,11,1
321,12,0
322,12,1
323,12,1
324,12,1
325,12,0
326,1,1
327,1,1
328,1,0
329,1,1
330,1,1
331,2,1
332,2,0
333,2,1
334,2,1
335,2,0
336,2,1
337,2,1
338,2,1
339,3,0
340,3,1
341,3,1
342,3,1
343,3,1
344,3,1
345,3,1
346,3,1
347,3,1
348,4,1
349,4,0
350,4,1
351,4,1
352,4,1
353,5,1
354,5,1
355,5,1
356,5,1
357,5,1
358,5,1
359,5,0
360,6,1
361,6,1
362,6,1
363,6,1
364,6,1
365,6,1
366,7,1
367,7,0
368,7,0
369,7,1
370,7,1
371,7,1
372,7,1
373,7,1
374,7,1
375,8,1
376,8,1
377,8,1
378,8,1
379,8,1
380,8,1
381,9,1
382,9,1
383,9,1
384,9,1
385,9,1
386,10,1
387,10,1
388,10,1
389,10,0
390,10,1
391,10,1
392,10,0
393,10,1
394,11,1
395,11,1
396,11,1
397,11,1
398,11,1
399,11,0
400,11,1
401,11,1
402,11,1
403,12,1
404,12,1
405,12,1
406,12,1
407,12,1
408,12,1
409,12,0
410,12,1
411,12,1
412,12,0
413,1,0
414,1,1
415,1,1
416,1,1
417,1,1
418,2,1
419,2,1
420,2,1
421,2,1
422,2,1
423,2,0
424,2,1
425,2,1
426,3,0
427,3,1
428,3,1
429,3,1
430,3,1
431,3,0
432,3,0
433,3,1
434,3,1
435,4,1
436,4,0
437,4,1
438,4,1
439,4,1
440,4,1
441,4,1
442,5,1
443,5,1
444,5,1
445,5,0
446,5,0
447,5,0
448,5,1
449,5,1
450,6,1
451,6,0
452,6,1
453,6,1
454,6,1
455,6,0
456,6,1
457,6,1
458,6,1
459,7,1
460,7,1
461,7,1
462,7,1
463,7,0
464,7,1
465,7,1
466,7,1
467,7,1
468,7,1
469,7,1
470,8,1
471,8,1
472,8,1
473,8,1
474,8,1
475,8,1
476,8,0
477,8,1
478,9,1
479,9,1
480,9,0
481,9,1
482,9,0
483,9,1
484,9,0
485,9,1
486,10,1
487,10,1
488,10,1
489,10,1
490,10,1
491,10,1
492,10,1
493,11,0
494,11,1
495,11,1
496,11,1
497,11,1
498,11,1
499,11,1
500,11,0
501,11,1
502,11,1
503,12,1
504,12,1
505,12,1
506,12,1
507,12,1
508,12,0
509,12,1
510,12,1
511,12,0
512,12,1
513,12,1
514,1,1
515,1,1
516,1,1
517,1,0
518,2,1
519,2,1
520,2,1
521,2,0
522,2,1
523,2,1
524,2,1
525,2,1
526,2,0
527,2,1
528,3,1
529,3,1
530,3,1
531,3,1
532,3,1
533,3,1
534,3,0
535,3,1
536,3,1
537,4,0
538,4,1
539,4,0
540,4,0
541,4,1
542,4,1
543,4,1
544,4,1
545,4,0
546,4,1
547,4,1
548,5,1
549,5,1
550,5,1
551,5,0
552,5,1
553,5,1
554,5,1
555,5,1
556,6,1
557,6,1
558,6,1
559,6,1
560,6,1
561,6,1
562,6,1
563,6,1
564,6,0
565,6,0
566,6,0
567,6,0
568,7,1
569,7,1
570,7,1
571,7,1
572,7,0
573,7,0
574,7,1
575,8,1
576,8,1
577,8,1
578,8,1
579,8,1
580,8,1
581,9,0
582,9,1
583,9,1
584,9,1
585,9,1
586,9,1
587,9,1
588,9,1
589,9,1
590,9,0
591,9,0
592,10,1
593,10,1
594,10,1
595,10,1
596,10,1
597,10,1
598,10,1
599,10,1
600,10,1
601,10,1
602,10,1
603,10,1
604,10,1
605,11,1
606,11,1
607,11,1
608,11,1
609,11,1
610,11,0
611,11,1
612,11,1
613,11,1
614,12,1
615,12,1
616,12,1
617,12,1
618,12,1
619,12,1
620,1,1
621,1,1
622,1,1
623,1,1
624,1,1
625,2,1
626,2,0
627,2,1
628,2,1
629,3,0
630,3,1
631,3,1
632,3,1
633,3,0
634,3,1
635,3,1
636,3,1
637,3,1
638,3,1
639,3,1
640,4,1
641,4,0
642,4,1
643,4,1
644,4,1
645,4,1
646,4,1
647,4,1
648,4,1
649,4,1
650,4,1
651,4,1
652,4,0
653,4,0
654,4,1
655,4,1
656,5,1
657,5,1
658,5,1
659,6,1
660,6,1
661,6,0
662,6,1
663,6,1
664,6,1
665,6,1
666,6,0
667,6,1
668,6,1
669,6,1
670,7,1
671,7,1
672,7,1
673,7,1
674,7,1
675,7,1
676,7,1
677,8,1
678,8,1
679,8,1
680,8,1
681,8,0
682,8,0
683,8,1
684,8,1
685,8,1
686,9,1
687,9,1
688,9,1
689,9,1
690,9,1
691,9,1
692,9,1
693,10,1
694,10,1
695,10,1
696,10,0
697,10,1
698,10,1
699,10,1
700,10,1
701,10,1
702,10,1
703,10,1
704,10,1
705,11,1
706,11,1
707,11,1
708,11,1
709,11,1
710,11,1
711,11,1
712,11,1
713,11,1
714,12,1
715,12,1
716,12,1
717,12,1
718,12,1
719,12,1
720,12,1
721,12,1
722,12,1
723,1,1
724,1,1
725,1,1
726,1,1
727,1,1
728,1,0
729,1,1
730,1,1
731,1,0
732,2,0
733,2,1
734,2,1
735,2,0
736,2,0
737,2,1
738,2,1
739,2,1
740,3,1
741,3,1
742,3,1
743,3,1
744,3,1
745,3,1
746,3,1
747,3,1
748,3,1
749,3,1
750,3,0
751,3,0
752,3,1
753,3,1
754,4,0
755,4,1
756,4,1
757,4,1
758,4,1
759,4,1
760,4,1
761,4,1
762,4,1
763,5,0
764,5,1
765,5,1
766,5,1
767,5,1
768,5,1
769,6,1
770,6,1
771,6,1
772,6,0
773,6,1
774,6,1
775,6,1
776,7,0
777,7,0
778,7,1
779,7,1
780,7,1
781,7,1
782,7,0
783,8,1
784,8,1
785,8,1
786,8,1
787,8,1
788,8,1
789,8,1
790,8,1
791,8,1
792,9,1
793,9,1
794,9,1
795,9,0
796,9,1
797,9,1
798,10,1
799,10,1
800,10,1
801,10,1
802,10,1
803,10,1
804,10,1
805,10,1
806,10,0
807,10,1
808,10,1
809,10,1
810,11,1
811,11,1
812,11,1
813,11,1
814,11,1
815,11,0
816,11,1
817,11,1
818,11,0
819,12,1
820,12,1
821,12,1
822,12,1
823,12,1
824,12,1
825,12,0
826,1,1
827,1,1
828,1,1
829,1,1
830,1,1
831,1,1
832,1,0
833,2,0
834,2,1
835,2,1
836,2,1
837,2,1
838,3,1
839,3,1
840,3,1
841,3,0
842,3,1
843,3,1
844,4,1
845,4,1
846,4,1
847,4,1
848,4,1
849,4,1
850,4,1
851,4,1
852,4,1
853,4,1
854,4,1
855,4,1
856,4,1
857,5,1
858,5,1
859,5,0
860,6,1
861,6,1
862,6,0
863,6,1
864,6,1
865,6,1
866,6,1
867,6,1
868,6,1
869,6,1
870,6,1
871,6,1
872,6,0
873,7,1
874,7,1
875,7,0
876,7,1
877,7,1
878,8,1
879,8,1
880,8,1
881,8,1
882,8,1
883,8,1
884,8,0
885,8,0
886,8,1
887,9,1
888,9,1
889,9,1
890,9,1
891,9,1
892,9,0
893,9,1
894,9,1
895,9,1
896,10,1
897,10,1
898,10,1
899,10,1
900,10,1
901,10,1
902,10,1
903,10,1
904,10,1
905,10,1
906,10,1
907,10,1
908,10,1
909,10,1
910,10,1
911,11,0
912,11,0
913,11,1
914,11,1
915,11,1
916,11,1
917,11,1
918,11,1
919,11,0
920,12,1
921,12,1
922,12,1
923,12,1
924,12,1
925,12,1
926,12,1
927,12,1
928,12,1
929,12,1
930,12,1
931,12,0
932,12,1
933,1,1
934,1,1
935,1,1
936,1,1
937,1,1
938,1,1
939,1,1
940,1,1
941,2,1
942,2,1
943,2,1
944,2,1
945,2,1
946,2,1
947,2,1
948,3,1
949,3,1
950,3,1
951,3,0
952,3,0
953,3,1
954,3,1
955,3,1
956,3,1
957,4,1
958,4,1
959,4,1
960,4,1
961,4,1
962,4,1
963,4,1
964,4,1
965,4,1
966,4,1
967,4,1
968,4,1
969,4,1
970,5,1
971,5,1
972,5,1
973,5,0
974,5,1
975,5,1
976,5,1
977,5,1
978,5,1
979,5,1
980,5,1
981,5,1
982,5,1
983,5,1
984,6,1
985,6,1
986,6,1
987,6,1
988,6,1
989,6,1
990,6,0
991,6,0
992,7,1
993,7,1
994,7,0
995,7,1
996,7,1
997,7,1
998,7,1
999,7,1
1000,8,0
1001,8,1
1002,8,1
1003,8,1
1004,8,1
1005,8,0
1006,8,1
1007,9,1
1008,9,1
1009,9,1
1010,9,1
1011,9,1
1012,9,1
1013,9,1
1014,9,1
1015,9,1
1016,9,1
1017,10,1
1018,10,1
1019,10,1
1020,10,1
1021,10,1
1022,10,1
1023,11,1
1024,11,1
1025,11,0
1026,11,1
1027,11,1
1028,11,0
1029,11,1
1030,11,1
1031,11,1
1032,11,1
1033,11,1
1034,12,1
1035,12,1
1036,12,0
1037,12,1
1038,12,0
1039,12,0
1040,12,1
1041,12,1
1042,12,1
1043,12,1
1044,12,1
1045,12,1
1046,12,1
1047,12,1
1048,12,1
1049,12,0
1050,12,1
1051,12,1
1052,1,1
1053,1,1
1054,1,1
1055,1,1
1056,2,1
1057,2,1
1058,2,1
1059,2,1
1060,2,0
1061,2,1
1062,3,1
1063,3,1
1064,3,1
1065,3,1
1066,3,1
1067,3,1
1068,3,1
1069,3,1
1070,3,1
1071,3,1
1072,3,1
1073,3,0
1074,4,1
1075,4,1
1076,4,1
1077,4,1
1078,4,1
1079,4,1
1080,4,1
1081,4,1
1082,4,1
1083,4,0
1084,5,1
1085,5,1
1086,5,1
1087,5,1
1088,5,0
1089,5,1
1090,6,1
1091,6,1
1092,6,1
1093,6,1
1094,6,1
1095,6,1
1096,6,1
1097,6,1
1098,7,1
1099,7,1
1100,7,1
1101,7,1
1102,7,1
1103,7,1
1104,7,0
1105,7,1
1106,7,1
1107,7,0
1108,8,1
1109,8,1
1110,8,1
1111,8,1
1112,8,1
1113,8,1
1114,8,1
1115,8,1
1116,8,1
1117,9,1
1118,9,0
1119,9,1
1120,9,1
1121,9,1
1122,9,1
1123,9,1
1124,10,1
1125,10,1
1126,10,1
1127,10,1
1128,10,1
1129,10,1
1130,10,0
1131,10,1
1132,10,1
1133,10,1
1134,10,1
1135,11,1
1136,11,1
1137,11,1
1138,11,0
1139,11,1
1140,11,1
1141,12,1
1142,12,1
1143,12,1
1144,12,1
1145,12,1
1146,12,1
1147,12,1
1148,12,1
1149,12,1
1150,12,0
1151,1,1
1152,1,1
1153,1,1
1154,1,1
1155,2,1
1156,2,1
1157,2,1
1158,2,1
1159,2,1
1160,3,1
1161,3,1
1162,3,1
1163,3,1
1164,3,1
1165,3,1
1166,4,1
1167,4,1
1168,4,1
1169,4,1
1170,4,1
1171,4,1
1172,4,0
1173,4,1
1174,5,1
1175,5,1
1176,5,1
1177,5,1
1178,5,1
1179,5,0
1180,5,1
1181,5,1
1182,5,0
1183,5,1
1184,5,1
1185,5,1
1186,6,1
1187,6,1
1188,6,1
1189,6,1
1190,6,1
1191,6,1
1192,6,1
1193,6,1
1194,6,0
1195,6,0
1196,6,1
1197,7,0
1198,7,1
1199,7,1
1200,7,1
1201,7,1
1202,8,1
1203,8,1
1204,8,1
1205,8,1
1206,8,1
1207,8,1
1208,8,1
1209,8,1
1210,8,1
1211,9,1
1212,9,1
1213,9,1
1214,9,0
1215,9,1
1216,9,1
1217,9,1
1218,10,1
1219,10,1
1220,10,1
1221,10,1
1222,10,1
1223,10,1
1224,10,1
1225,10,1
1226,10,1
1227,10,1
1228,10,1
1229,10,1
1230,10,1
1231,11,1
1232,11,1
1233,11,1
1234,11,1
1235,11,1
1236,11,1
1237,11,1
1238,11,1
1239,11,1
1240,11,1
1241,11,1
1242,11,1
1243,12,1
1244,12,1
1245,12,1
1246,12,1
1247,12,1
1248,12,1
1249,12,1
1250,12,1
1251,12,1
1252,12,1
1253,12,1
1254,1,1
1255,1,1
1256,1,1
1257,1,1
1258,2,1
1259,2,1
1260,2,0
1261,2,1
1262,2,1
1263,2,1
1264,2,1
1265,3,1
1266,3,1
1267,3,1
1268,3,1
1269,3,1
1270,3,1
1271,4,1
1272,4,1
1273,4,1
1274,4,1
1275,4,0
1276,4,1
1277,4,1
1278,4,1
1279,4,1
1280,4,1
1281,5,1
1282,5,1
1283,5,1
1284,5,1
1285,5,1
1286,5,1
1287,5,0
1288,5,1
1289,5,1
1290,5,1
1291,5,1
1292,6,1
1293,6,1
1294,6,1
1295,6,1
1296,6,1
1297,6,1
1298,6,1
1299,6,1
1300,6,1
1301,7,1
1302,7,1
1303,7,1
1304,7,0
1305,7,1
1306,7,0
1307,7,1
1308,7,1
1309,7,1
1310,7,1
1311,7,1
1312,8,1
1313,8,1
1314,8,1
1315,8,1
1316,8,1
1317,8,1
1318,8,1
1319,8,1
1320,8,0
1321,9,1
1322,9,1
1323,9,1
1324,9,1
1325,10,1
1326,10,1
1327,10,1
1328,10,1
1329,10,1
1330,10,1
1331,10,1
1332,10,1
1333,10,1
1334,10,1
1335,11,1
1336,11,1
1337,11,0
1338,11,1
1339,11,1
1340,11,1
1341,11,1
1342,11,1
1343,12,1
1344,12,1
1345,12,0
1346,12,1
1347,12,1
1348,12,1
1349,12,1
1350,12,1
1351,12,1
1352,1,1
1353,1,1
1354,1,1
1355,1,1
1356,1,1
1357,1,1
1358,2,1
1359,2,1
1360,2,1
1361,2,1
1362,2,1
1363,2,0
1364,2,1
1365,2,1
1366,2,1
1367,3,1
1368,3,1
1369,3,1
1370,3,1
1371,3,1
1372,3,1
1373,4,1
1374,4,1
1375,4,0
1376,4,1
1377,4,1
1378,4,1
1379,4,0
1380,4,1
1381,4,1
1382,4,1
1383,4,1
1384,4,1
1385,4,1
1386,4,1
1387,4,1
1388,5,1
1389,5,1
1390,5,0
1391,5,1
1392,5,1
1393,5,1
1394,5,1
1395,5,1
1396,5,1
1397,5,1
1398,6,0
1399,6,1
1400,6,1
1401,6,1
1402,6,1
1403,6,1
1404,6,1
1405,6,1
1406,6,1
1407,6,1
1408,7,1
1409,7,1
1410,7,1
1411,7,1
1412,7,1
1413,7,1
1414,7,1
1415,7,1
1416,7,1
1417,7,1
1418,7,1
1419,8,1
1420,8,1
1421,8,1
1422,8,1
1423,8,1
1424,9,1
1425,9,1
1426,9,1
1427,9,1
1428,9,1
1429,9,1
1430,9,1
1431,9,1
1432,9,1
1433,9,1
1434,9,1
1435,9,1
1436,9,1
1437,9,1
1438,9,1
1439,9,1
1440,10,1
1441,10,1
1442,10,1
1443,10,1
1444,11,1
1445,11,1
1446,11,1
1447,11,1
1448,11,1
1449,11,1
1450,11,1
1451,11,1
1452,11,1
1453,12,1
1454,12,1
1455,12,1
1456,12,1
1457,12,1
1458,12,1
1459,12,1
1460,12,1
1461,12,0
1462,12,1
1463,12,1
1464,12,1
1465,1,1
1466,1,1
1467,1,1
1468,1,1
1469,1,1
1470,1,1
1471,1,1
1472,1,1
1473,1,1
1474,2,1
1475,2,0
1476,2,1
1477,2,1
1478,2,1
1479,2,1
1480,2,1
1481,2,1
1482,3,1
1483,3,1
1484,3,1
1485,3,1
1486,3,1
1487,3,1
1488,3,1
1489,3,1
1490,3,1
1491,3,1
1492,3,1
1493,4,1
1494,4,1
1495,4,1
1496,4,1
1497,4,1
1498,4,1
1499,5,1
1500,5,1
1501,5,1
1502,5,1
1503,5,1
1504,5,1
1505,5,1
1506,5,1
1507,5,1
1508,6,1
1509,6,1
1510,6,1
1511,6,1
1512,6,1
1513,6,1
1514,6,1
1515,6,1
1516,6,1
1517,6,1
1518,7,0
1519,7,1
1520,7,1
1521,7,1
1522,7,1
1523,7,1
1524,7,1
1525,7,1
1526,7,1
1527,7,1
1528,7,1
1529,7,1
1530,7,1
1531,7,1
1532,7,1
1533,8,1
1534,8,1
1535,8,1
1536,8,1
1537,8,1
1538,8,1
1539,8,1
1540,8,1
1541,9,0
1542,9,1
1543,9,1
1544,9,1
1545,9,1
1546,9,1
1547,9,1
1548,9,1
1549,10,0
1550,10,1
1551,10,1
1552,10,1
1553,10,1
1554,10,1
1555,10,1
1556,10,1
1557,10,1
1558,11,1
1559,11,0
1560,11,1
1561,11,1
1562,11,1
1563,11,1
1564,11,1
1565,12,1
1566,12,1
1567,12,1
1568,12,1
1569,12,1
1570,12,1
1571,12,1
1572,12,1
1573,12,1
1574,12,1
1575,12,1
1576,12,1
1577,12,1
1578,1,1
1579,1,1
1580,1,1
1581,1,1
1582,2,1
1583,2,1
1584,2,1
1585,2,1
1586,2,1
1587,2,1
1588,2,1
1589,2,1
1590,2,0
1591,2,1
1592,2,1
1593,3,1
1594,3,1
1595,3,1
1596,3,1
1597,3,1
1598,3,1
1599,3,1
1600,4,1
1601,4,1
1602,4,1
1603,4,1
1604,4,1
1605,4,1
1606,4,1
1607,4,1
1608,5,1
1609,5,1
1610,5,1
1611,5,1
1612,5,1
1613,5,1
1614,5,1
1615,5,1
1616,5,1
1617,5,1
1618,5,1
1619,6,1
1620,6,1
1621,6,1
1622,6,1
1623,6,1
1624,6,1
1625,6,1
1626,6,1
1627,6,1
1628,6,1
1629,6,1
1630,6,1
1631,6,1
1632,7,1
1633,7,1
1634,7,1
1635,7,1
1636,7,1
1637,7,1
1638,7,1
1639,7,1
1640,7,1
1641,7,1
1642,7,1
1643,7,1
1644,8,1
1645,8,0
1646,8,1
1647,8,1
1648,8,1
1649,8,1
1650,8,1
1651,8,1
1652,8,1
1653,9,1
1654,9,1
1655,9,1
1656,9,1
1657,9,1
1658,9,1
1659,9,1
1660,9,1
1661,9,1
1662,9,1
1663,9,1
1664,9,1
1665,9,1
1666,9,1
1667,9,0
1668,9,1
1669,10,1
1670,10,1
1671,10,1
1672,10,1
1673,10,1
1674,10,1
1675,10,1
1676,11,1
1677,11,0
1678,12,1
1679,12,1
1680,12,1
1681,12,1
1682,12,1
1683,12,1
1684,12,1
1685,12,1
1686,12,1
1687,12,1
1688,12,1
1689,12,1
1690,12,1
1691,12,1
1692,1,1
1693,1,1
1694,1,1
1695,1,1
1696,1,1
1697,1,1
1698,1,1
1699,1,1
1700,1,1
1701,1,1
1702,2,1
1703,2,1
1704,2,1
1705,2,1
1706,2,1
1707,2,1
1708,2,1
1709,2,1
1710,2,1
1711,3,1
1712,3,1
1713,3,1
1714,3,1
1715,3,1
1716,3,1
1717,3,0
1718,3,1
1719,3,1
1720,3,1
1721,3,1
1722,4,1
1723,4,1
1724,4,1
1725,4,1
1726,5,1
1727,5,1
1728,5,1
1729,5,1
1730,5,1
1731,5,1
1732,5,1
1733,5,1
1734,5,1
1735,5,1
1736,6,1
1737,6,1
1738,6,1
1739,6,1
1740,6,1
1741,6,1
1742,6,1
1743,6,1
1744,6,1
1745,6,1
1746,6,1
1747,7,1
1748,7,1
1749,8,1
1750,8,1
1751,8,1
1752,8,1
1753,8,1
1754,9,1
1755,9,1
1756,9,1
1757,9,1
1758,10,1
1759,10,1
1760,10,1
1761,10,1
1762,10,1
1763,10,1
1764,10,1
1765,10,1
1766,10,1
1767,10,1
1768,10,1
1769,11,1
1770,11,1
1771,11,1
1772,11,1
1773,11,1
1774,11,1
1775,12,1
1776,12,1
1777,12,1
1778,12,1
1779,12,1
1780,12,1
1781,12,1
1782,12,1
1783,12,0
1784,12,1
1785,12,1
1786,12,1
1787,12,0
1788,12,1
1789,1,1
1790,1,1
1791,1,1
1792,2,0
1793,2,1
1794,2,1
1795,2,1
1796,2,1
1797,2,1
1798,3,1
1799,3,1
1800,3,1
1801,3,1
1802,4,1
1803,4,1
1804,4,1
1805,4,1
1806,4,1
1807,4,1
1808,5,1
1809,5,1
1810,5,1
1811,6,1
1812,6,1
1813,6,1
1814,6,1
1815,6,1
1816,6,1
1817,7,1
1818,7,1
1819,7,1
1820,7,0
1821,7,1
1822,8,0
1823,8,1
1824,8,1
1825,9,1
1826,9,1
1827,10,1
1828,10,1
1829,10,1
1830,10,1
1831,10,1
1832,10,1
1833,11,1
1834,11,1
1835,11,1
1836,12,1
1837,12,1
1838,1,1
1839,1,1
1840,1,1
1841,1,1
1842,1,1
1843,1,1
1844,2,1
1845,2,1
1846,2,1
1847,2,0
1848,2,1
1849,2,1
1850,3,1
1851,3,1
1852,3,1
1853,3,1
1854,4,1
1855,4,1
1856,4,1
1857,4,0
1858,4,1
1859,4,1
1860,5,1
1861,5,1
1862,5,0
1863,5,0
1864,6,1
1865,6,1
1866,6,1
1867,6,1
1868,6,1
1869,6,1
1870,7,1
1871,7,1
1872,7,1
1873,7,1
1874,7,1
1875,7,1
1876,8,1
1877,9,1
1878,10,1
1879,10,1
1880,10,1
1881,11,1
1882,11,1
1883,11,1
1884,11,1
1885,12,1
1886,12,1
1887,12,1
1888,12,0
1889,12,1
1890,12,1
1891,12,0
1892,12,1
1893,1,1
1894,1,1
1895,1,1
1896,1,0
1897,1,1
1898,1,1
1899,2,1
1900,2,1
1901,2,1
1902,2,1
1903,2,1
1904,2,1
1905,2,1
1906,2,1
1907,3,1
1908,3,1
1909,3,1
1910,3,1
1911,3,1
1912,3,1
1913,3,1
1914,3,1
1915,4,1
1916,4,1
1917,4,1
1918,5,1
1919,5,1
1920,5,1
1921,5,1
1922,5,0
1923,6,1
1924,6,1
1925,6,1
1926,6,1
1927,6,1
1928,6,1
1929,7,1
1930,8,1
1931,8,1
1932,8,0
1933,8,1
1934,8,1
1935,8,1
1936,8,1
1937,8,1
1938,8,1
1939,8,1
1940,9,1
1941,9,0
1942,9,1
1943,9,1
1944,9,1
1945,9,1
1946,9,1
1947,9,1
1948,9,1
1949,10,1
1950,10,1
1951,10,1
1952,10,1
1953,11,1
1954,11,1
1955,11,1
1956,11,1
1957,12,1
1958,12,0
1959,12,1
1960,12,1
1961,12,0
1962,12,1
1963,12,1
1964,1,1
1965,1,1
1966,1,1
1967,1,1
1968,2,1
1969,2,1
1970,2,1
1971,2,1
1972,3,1
1973,3,0
1974,3,1
1975,3,1
1976,3,1
1977,3,1
1978,3,1
1979,3,1
1980,3,1
1981,3,1
1982,4,1
1983,4,1
1984,4,1
1985,4,1
1986,4,1
1987,5,1
1988,5,1
1989,5,1
1990,5,1
1991,5,1
1992,5,1
1993,6,1
1994,6,1
1995,6,1
1996,6,1
1997,6,1
1998,6,1
1999,6,0
2000,6,1
2001,6,1
2002,6,1
2003,7,1
2004,7,1
2005,7,1
2006,7,1
2007,8,1
2008,8,1
2009,8,1
2010,8,1
2011,8,1
2012,9,1
2013,9,1
2014,9,0
2015,9,1
2016,9,1
2017,9,1
2018,9,1
2019,9,1
2020,10,1
2021,10,1
2022,10,1
2023,11,1
2024,11,1
2025,11,1
2026,11,0
2027,12,0
2028,12,1
2029,12,1
2030,12,1
2031,1,1
2032,1,1
2033,1,1
2034,1,0
2035,2,1
2036,2,1
2037,2,1
2038,2,1
2039,3,1
2040,3,1
2041,3,1
2042,3,1
2043,3,1
2044,3,1
2045,4,1
2046,4,1
2047,4,1
2048,4,1
2049,4,1
2050,4,1
2051,4,1
2052,4,1
2053,4,1
2054,5,1
2055,5,1
2056,5,1
2057,5,1
2058,5,1
2059,5,1
2060,5,1
2061,6,1
2062,6,1
2063,6,1
2064,6,1
2065,6,1
2066,7,1
2067,7,1
2068,7,1
2069,7,1
2070,7,1
2071,7,1
2072,7,1
2073,8,1
2074,8,1
2075,8,1
2076,8,1
2077,8,1
2078,9,1
2079,9,1
2080,9,1
2081,10,1
2082,10,1
2083,10,1
2084,10,1
2085,10,1
2086,10,1
2087,11,1
2088,11,1
2089,11,1
2090,11,1
2091,11,1
2092,12,1
2093,12,1
2094,12,1
2095,12,1
2096,12,1
2097,1,1
2098,1,1
2099,1,1
2100,1,1
2101,1,0
2102,1,1
2103,2,1
2104,2,1
2105,2,1
2106,2,1
2107,2,1
2108,2,1
2109,3,1
2110,3,1
2111,3,1
2112,3,1
2113,4,1
2114,4,1
2115,4,1
2116,4,1
2117,4,1
2118,5,1
2119,5,1
2120,5,1
2121,5,1
2122,5,1
2123,5,1
2124,6,1
2125,6,1
2126,6,1
2127,6,0
2128,6,1
2129,6,1
2130,6,1
2131,6,1
2132,6,1
2133,7,1
2134,7,1
2135,8,1
2136,8,1
2137,8,1
2138,8,1
2139,8,1
2140,8,1
2141,8,1
2142,8,1
2143,8,1
2144,8,1
2145,9,1
2146,9,1
2147,9,1
2148,9,1
2149,9,1
2150,9,1
2151,10,1
2152,10,1
2153,10,1
2154,10,1
2155,10,1
2156,11,1
2157,11,1
2158,11,1
2159,11,0
2160,12,1
2161,12,1
2162,12,1
2163,12,1
2164,12,1
2165,12,1
2166,1,1
2167,1,1
2168,1,1
2169,1,1
2170,1,1
2171,1,1
2172,2,1
2173,2,1
2174,2,1
2175,2,1
2176,2,1
2177,2,1
2178,3,1
2179,3,1
2180,3,1
2181,3,1
2182,3,1
2183,4,1
2184,4,0
2185,4,1
2186,4,1
2187,4,1
2188,5,1
2189,5,1
2190,5,1
2191,5,1
2192,6,1
2193,6,1
2194,6,1
2195,6,1
2196,6,1
2197,6,1
2198,6,0
2199,6,1
2200,7,1
2201,7,1
2202,7,1
2203,7,1
2204,8,1
2205,8,1
2206,8,1
2207,8,1
2208,8,1
2209,8,1
2210,8,0
2211,9,1
2212,9,0
2213,9,1
2214,9,1
2215,9,1
2216,9,1
2217,10,1
2218,10,1
2219,10,1
2220,10,1
2221,10,1
2222,10,1
2223,10,1
2224,10,1
2225,10,1
2226,10,1
2227,10,0
2228,10,1
2229,10,1
2230,11,1
2231,11,1
2232,11,1
2233,11,1
2234,11,1
2235,12,1
2236,12,1
2237,12,1
2238,12,1
2239,12,0
2240,1,1
2241,1,1
2242,1,1
2243,1,1
2244,1,1
2245,1,0
2246,2,1
2247,2,1
2248,2,1
2249,2,1
2250,2,1
2251,2,1
2252,2,1
2253,2,1
2254,3,1
2255,3,1
2256,3,1
2257,4,1
2258,4,0
2259,4,1
2260,5,1
2261,5,1
2262,5,1
2263,5,0
2264,6,1
2265,6,1
2266,6,1
2267,6,1
2268,7,1
2269,7,0
2270,7,1
2271,7,1
2272,7,1
2273,8,1
2274,8,1
2275,8,1
2276,8,1
2277,9,1
2278,9,1
2279,9,1
2280,9,1
2281,9,1
2282,10,0
2283,10,1
2284,10,0
2285,10,1
2286,10,1
2287,10,1
2288,10,1
2289,11,1
2290,11,1
2291,11,1
2292,11,1
2293,11,1
2294,12,1
2295,12,1
2296,12,1
2297,12,1
2298,12,1
2299,12,1
2300,12,1
2301,12,1
2302,1,1
2303,1,1
2304,1,1
2305,1,1
2306,1,1
2307,1,0
2308,2,1
2309,2,1
2310,2,1
2311,2,1
2312,2,1
2313,2,1
2314,2,1
2315,3,1
2316,3,1
2317,3,1
2318,3,0
2319,3,0
2320,4,1
2321,4,1
2322,5,1
2323,5,1
2324,5,1
2325,6,1
2326,6,1
2327,6,1
2328,6,1
2329,6,1
2330,6,1
2331,6,1
2332,7,1
2333,7,1
2334,7,1
2335,7,1
2336,7,1
2337,8,1
2338,8,1
2339,8,1
2340,8,1
2341,8,1
2342,8,1
2343,9,1
2344,9,1
2345,9,1
2346,10,1
2347,10,1
2348,10,1
2349,10,1
2350,11,1
2351,11,1
2352,12,1
2353,12,1
2354,12,1
2355,12,1
2356,12,1
2357,12,1
2358,1,1
2359,1,1
2360,2,1
2361,2,1
2362,2,1
2363,3,1
2364,3,1
2365,3,1
2366,3,1
2367,3,1
2368,3,1
2369,3,1
2370,3,1
2371,3,1
2372,3,1
2373,4,1
2374,4,1
2375,5,1
2376,5,1
2377,5,1
2378,5,1
2379,5,1
2380,6,1
2381,6,1
2382,6,1
2383,6,1
2384,6,1
2385,7,1
2386,7,1
2387,7,1
2388,7,1
2389,7,1
2390,7,1
2391,7,0
2392,8,1
2393,8,1
2394,9,0
2395,9,1
2396,9,1
2397,9,1
2398,9,1
2399,9,1
2400,9,1
2401,9,1
2402,9,1
2403,10,1
2404,10,1
2405,10,1
2406,10,1
2407,11,1
2408,11,1
2409,11,1
2410,11,1
2411,12,1
2412,12,1
2413,12,1
2414,12,1
2415,12,1
2416,12,1
2417,1,1
2418,2,1
2419,2,1
2420,2,1
2421,2,1
2422,2,1
2423,2,1
2424,2,1
2425,2,1
2426,2,1
2427,3,1
2428,3,1
2429,3,1
2430,3,1
2431,4,1
2432,4,1
2433,5,1
2434,5,1
2435,5,0
2436,6,1
2437,6,1
2438,6,1
2439,6,0
2440,6,1
2441,6,1
2442,6,1
2443,7,1
2444,7,1
2445,7,1
2446,7,1
2447,8,1
2448,8,1
2449,8,1
2450,8,1
2451,8,1
2452,9,1
2453,9,1
2454,9,1
2455,9,1
2456,9,1
2457,9,1
2458,9,1
2459,9,1
2460,10,1
2461,10,1
2462,10,1
2463,11,1
2464,11,1
2465,11,1
2466,11,1
2467,12,1
2468,12,1
2469,1,1
2470,1,1
2471,1,1
2472,1,1
2473,1,1
2474,1,1
2475,1,1
2476,1,1
2477,1,1
2478,2,1
2479,2,1
2480,2,1
2481,2,1
2482,2,1
2483,2,0
2484,2,1
2485,2,1
2486,2,1
2487,3,0
2488,3,1
2489,3,1
2490,3,1
2491,3,1
2492,4,1
2493,4,1
2494,4,1
2495,4,1
2496,4,1
2497,4,1
2498,4,1
2499,4,1
2500,4,1
2501,4,1
2502,4,1
2503,5,1
2504,6,1
2505,6,1
2506,6,1
2507,6,1
2508,6,0
2509,6,1
2510,6,1
2511,7,1
2512,7,1
2513,7,1
2514,7,1
2515,7,1
2516,8,1
2517,8,1
2518,8,1
2519,8,1
2520,8,1
2521,8,1
2522,8,1
2523,8,1
2524,9,1
2525,9,1
2526,9,1
2527,9,1
2528,10,1
2529,10,0
2530,10,1
2531,10,1
2532,10,1
2533,10,1
2534,10,1
2535,11,1
2536,11,1
2537,11,1
2538,11,1
2539,11,1
2540,11,1
2541,11,1
2542,11,1
2543,11,1
2544,12,1
2545,12,1
2546,12,1
2547,12,1
2548,12,1
2549,1,1
2550,1,1
2551,1,1
2552,1,1
2553,2,1
2554,2,1
2555,2,1
2556,2,1
2557,3,1
2558,3,1
2559,3,1
2560,3,1
2561,3,1
2562,3,1
2563,4,1
2564,4,1
2565,4,1
2566,4,1
2567,4,0
2568,4,1
2569,4,1
2570,5,1
2571,5,1
2572,5,1
2573,6,1
2574,6,1
2575,6,1
2576,6,1
2577,6,1
2578,6,0
2579,7,1
2580,7,1
2581,7,0
2582,8,1
2583,8,1
2584,8,1
2585,8,1
2586,8,1
2587,8,1
2588,8,1
2589,8,1
2590,8,1
2591,8,0
2592,9,1
2593,9,1
2594,9,1
2595,9,1
2596,10,1
2597,10,1
2598,11,1
2599,11,1
2600,11,1
2601,11,1
2602,11,1
2603,12,1
2604,12,1
2605,12,1
2606,12,1
2607,12,0
2608,1,1
2609,1,1
2610,2,0
2611,2,1
2612,2,1
2613,2,1
2614,2,1
2615,3,1
2616,3,1
2617,3,1
2618,3,1
2619,3,1
2620,4,1
2621,4,1
2622,4,1
2623,4,1
2624,5,1
2625,5,1
2626,6,1
2627,6,1
2628,6,1
2629,6,1
2630,7,1
2631,7,1
2632,7,1
2633,7,1
2634,7,1
2635,7,1
2636,7,1
2637,7,1
2638,7,1
2639,8,1
2640,8,1
2641,8,1
2642,8,1
2643,8,1
2644,8,0
2645,9,1
2646,9,1
2647,9,1
2648,9,1
2649,10,1
2650,10,1
2651,10,1
2652,10,1
2653,10,1
2654,10,1
2655,10,1
2656,11,1
2657,11,1
2658,11,1
2659,11,1
2660,11,1
2661,11,1
2662,12,1
2663,12,1
2664,12,1
2665,12,1
2666,12,0
2667,12,1
2668,12,1
2669,12,1
2670,1,1
2671,1,1
2672,1,1
2673,1,1
2674,2,1
2675,2,1
2676,2,1
2677,2,1
2678,3,1
2679,3,1
2680,3,0
2681,3,1
2682,3,1
2683,3,1
2684,4,1
2685,4,1
2686,4,1
2687,4,1
2688,4,1
2689,4,1
2690,4,1
2691,4,1
2692,4,1
2693,5,1
2694,5,1
2695,5,1
2696,5,1
2697,6,1
2698,6,1
2699,6,1
2700,6,1
2701,6,1
2702,7,1
2703,7,1
2704,7,1
2705,8,0
2706,8,1
2707,8,1
2708,8,1
2709,8,1
2710,8,1
2711,9,1
2712,9,1
2713,9,1
2714,9,1
2715,9,0
2716,9,1
2717,10,0
2718,10,1
2719,10,1
2720,10,1
2721,10,1
2722,10,1
2723,11,1
2724,11,1
2725,11,1
2726,12,1
2727,12,1
2728,12,1
2729,12,1
2730,12,1
2731,1,0
2732,1,1
2733,1,1
2734,2,1
2735,2,1
2736,2,1
2737,2,1
2738,2,1
2739,3,1
2740,3,1
2741,3,1
2742,3,1
2743,3,1
2744,4,1
2745,4,1
2746,4,1
2747,4,1
2748,5,1
2749,5,1
2750,5,0
2751,5,0
2752,6,1
2753,6,1
2754,6,0
2755,7,1
2756,7,1
2757,7,1
2758,7,1
2759,7,1
2760,8,1
2761,8,1
2762,8,1
2763,8,1
2764,8,1
2765,8,1
2766,8,1
2767,8,1
2768,8,1
2769,8,1
2770,9,1
2771,9,1
2772,9,1
2773,9,1
2774,9,1
2775,10,1
2776,10,1
2777,10,1
2778,10,1
2779,11,1
2780,11,1
2781,11,1
2782,11,1
2783,11,1
2784,11,1
2785,11,1
2786,11,1
2787,11,0
2788,12,0
2789,12,1
2790,12,1
2791,12,1
2792,12,1
2793,12,1
2794,12,1
2795,1,1
2796,1,0
2797,1,1
2798,1,0
2799,1,1
2800,2,1
2801,3,1
2802,3,1
2803,3,1
2804,3,1
2805,3,1
2806,3,1
2807,3,0
2808,3,1
2809,4,1
2810,4,1
2811,4,1
2812,4,1
2813,5,1
2814,5,1
2815,5,1
2816,5,1
2817,5,1
2818,6,1
2819,6,1
2820,6,0
2821,6,1
2822,7,1
2823,7,1
2824,7,1
2825,7,1
2826,7,1
2827,8,1
2828,8,1
2829,8,1
2830,8,0
2831,8,1
2832,8,1
2833,8,1
2834,9,0
2835,9,1
2836,9,1
2837,10,0
2838,10,1
2839,10,1
2840,10,1
2841,10,0
2842,10,1
2843,11,1
2844,11,1
2845,11,1
2846,11,1
2847,11,1
2848,12,1
2849,12,1
2850,12,1
2851,12,1
2852,12,1
2853,12,1
2854,12,1
2855,12,1
2856,1,1
2857,1,1
2858,1,1
2859,1,1
2860,2,1
2861,2,1
2862,2,0
2863,2,1
2864,2,1
2865,2,1
2866,2,1
2867,3,1
2868,3,1
2869,3,1
2870,3,1
2871,3,1
2872,4,1
2873,4,1
2874,4,1
2875,4,1
2876,4,1
2877,4,1
2878,5,1
2879,5,1
2880,5,1
2881,5,1
2882,5,1
2883,6,0
2884,6,1
2885,6,1
2886,7,1
2887,7,1
2888,7,1
2889,7,1
2890,7,1
2891,7,1
2892,8,1
2893,8,1
2894,8,1
2895,8,0
2896,8,1
2897,8,1
2898,9,1
2899,9,1
2900,9,1
2901,9,1
2902,9,1
2903,9,1
2904,10,1
2905,10,1
2906,11,0
2907,11,1
2908,11,1
2909,11,1
2910,12,1
2911,12,1
2912,12,1
2913,12,1
2914,12,1
2915,12,1
2916,1,1
2917,1,0
2918,1,1
2919,2,1
2920,2,1
2921,2,1
2922,2,1
2923,2,1
2924,3,1
2925,3,1
2926,3,1
2927,4,1
2928,4,1
2929,4,1
2930,4,1
2931,4,1
2932,4,1
2933,5,1
2934,5,1
2935,5,1
2936,5,1
2937,5,0
2938,5,1
2939,6,1
2940,6,1
2941,6,1
2942,7,1
2943,7,1
2944,7,1
2945,7,1
2946,8,1
2947,8,1
2948,8,1
2949,8,1
2950,8,1
2951,8,1
2952,8,1
2953,8,1
2954,9,1
2955,9,1
2956,9,1
2957,9,1
2958,9,1
2959,9,1
2960,9,1
2961,9,1
2962,9,0
2963,10,1
2964,10,1
2965,10,1
2966,10,1
2967,10,1
2968,10,1
2969,10,0
2970,11,0
2971,11,1
2972,11,1
2973,11,1
2974,11,1
2975,11,1
2976,12,1
2977,12,1
2978,12,1
2979,12,1
2980,12,1
2981,12,1
2982,12,1
2983,12,1
2984,12,1
2985,12,0
2986,1,1
2987,1,1
2988,1,1
2989,1,0
2990,1,1
2991,2,1
2992,2,1
2993,2,1
2994,2,1
2995,2,0
2996,2,1
2997,2,1
2998,2,1
2999,3,1
3000,3,1
3001,3,1
3002,3,1
3003,4,1
3004,4,1
3005,4,1
3006,4,1
3007,5,1
3008,5,1
3009,5,1
3010,5,1
3011,5,1
3012,5,1
3013,6,1
3014,6,1
3015,6,0
3016,6,1
3017,6,1
3018,7,1
3019,7,1
3020,7,1
3021,7,1
3022,7,1
3023,8,1
3024,8,0
3025,8,1
3026,8,1
3027,8,1
3028,8,1
3029,8,0
3030,8,0
3031,9,1
3032,9,0
3033,9,1
3034,9,1
3035,9,1
3036,10,1
3037,10,1
3038,10,1
3039,10,1
3040,10,1
3041,10,1
3042,10,1
3043,10,1
3044,11,1
3045,11,1
3046,12,1
3047,12,1
3048,12,1
3049,12,1
3050,12,1
3051,12,1
3052,12,1
3053,12,1
3054,1,1
3055,1,1
3056,2,1
3057,2,1
3058,2,1
3059,2,1
3060,3,1
3061,3,1
3062,4,1
3063,4,0
3064,4,1
3065,4,1
3066,4,1
3067,4,0
3068,4,1
3069,4,0
3070,5,0
3071,5,1
3072,5,1
3073,5,1
3074,5,1
3075,5,1
3076,6,1
3077,6,1
3078,6,1
3079,6,1
3080,7,1
3081,7,1
3082,7,1
3083,7,1
3084,7,1
3085,8,1
3086,8,1
3087,8,1
3088,8,1
3089,9,1
3090,9,1
3091,9,1
3092,9,1
3093,10,1
3094,10,1
3095,10,1
3096,11,1
3097,11,0
3098,11,1
3099,11,1
3100,12,1
3101,12,1
3102,12,1
3103,12,0
3104,12,1
3105,12,1
3106,12,1
3107,12,1
3108,12,1
3109,12,1
3110,12,1
3111,1,1
3112,1,1
3113,1,1
3114,1,1
3115,2,1
3116,2,1
3117,2,0
3118,2,1
3119,2,1
3120,3,1
3121,3,1
3122,3,0
3123,3,1
3124,3,1
3125,4,1
3126,5,1
3127,5,1
3128,5,1
3129,5,1
3130,5,1
3131,5,1
3132,6,1
3133,6,1
3134,6,1
3135,6,1
3136,7,1
3137,7,1
3138,7,1
3139,7,1
3140,7,1
3141,8,1
3142,8,1
3143,8,1
3144,9,1
3145,9,1
3146,9,1
3147,9,1
3148,9,1
3149,9,1
3150,10,1
3151,10,1
3152,10,1
3153,10,1
3154,10,1
3155,10,1
3156,10,1
3157,11,1
3158,11,1
3159,11,0
3160,11,1
3161,11,1
3162,11,1
3163,12,1
3164,12,1
3165,12,1
3166,12,1
3167,12,0
3168,1,1
3169,1,1
3170,1,1
3171,2,1
3172,2,1
3173,2,1
3174,2,1
3175,3,1
3176,3,1
3177,3,1
3178,4,1
3179,4,0
3180,4,1
3181,5,1
3182,5,1
3183,6,1
3184,6,1
3185,6,1
3186,6,1
3187,7,1
3188,7,0
3189,7,1
3190,7,1
3191,8,1
3192,8,1
3193,8,1
3194,8,1
3195,8,1
3196,9,1
3197,9,0
3198,9,1
3199,9,1
3200,10,1
3201,10,1
3202,10,1
3203,10,1
3204,10,1
3205,11,1
3206,12,1
3207,12,1
3208,12,1
3209,12,1
3210,12,1
3211,1,1
3212,1,1
3213,2,1
3214,2,1
3215,2,1
3216,2,1
3217,2,1
3218,3,1
3219,3,1
3220,3,1
3221,3,1
3222,3,1
3223,3,1
3224,4,1
3225,4,1
3226,4,1
3227,5,1
3228,5,1
3229,5,1
3230,5,1
3231,6,1
3232,6,1
3233,6,1
3234,6,1
3235,6,1
3236,7,1
3237,7,1
3238,7,1
3239,7,1
3240,8,1
3241,8,1
3242,9,1
3243,9,1
3244,9,1
3245,9,0
3246,9,1
3247,9,1
3248,10,1
3249,10,1
3250,11,1
3251,11,1
3252,11,1
3253,12,1
3254,12,0
3255,12,1
3256,12,1
3257,12,1
3258,12,1
3259,12,1
3260,1,1
3261,1,1
3262,1,0
3263,1,1
3264,1,1
3265,2,1
3266,3,1
3267,3,1
3268,3,1
3269,4,1
3270,4,1
3271,4,1
3272,4,1
3273,4,1
3274,5,1
3275,5,1
3276,5,1
3277,5,1
3278,6,1
3279,6,1
3280,6,1
3281,6,1
3282,6,1
3283,6,1
3284,6,1
3285,6,1
3286,7,1
3287,7,1
3288,8,1
3289,8,1
3290,8,1
3291,8,1
3292,8,0
3293,8,1
3294,9,1
3295,9,0
3296,9,1
3297,9,1
3298,10,1
3299,10,1
3300,10,1
3301,10,1
3302,10,1
3303,10,1
3304,11,1
3305,11,1
3306,11,0
3307,12,1
3308,12,1
3309,12,1
3310,12,1
3311,12,1
3312,1,1
3313,2,1
3314,2,1
3315,2,1
3316,3,1
3317,3,1
3318,3,1
3319,4,1
3320,4,1
3321,4,1
3322,4,1
3323,5,1
3324,5,1
3325,5,1
3326,6,1
3327,6,1
3328,6,1
3329,6,1
3330,7,1
3331,7,1
3332,7,1
3333,7,1
3334,8,1
3335,8,1
3336,8,1
3337,9,0
3338,9,1
3339,9,1
3340,9,1
3341,9,1
3342,10,1
3343,11,1
3344,11,1
3345,11,1
3346,11,1
3347,11,1
3348,12,1
3349,12,1
3350,12,0
3351,12,0
3352,1,1
3353,1,1
3354,2,1
3355,2,1
3356,2,1
3357,3,1
3358,3,1
3359,4,1
3360,4,1
3361,4,1
3362,4,1
3363,4,1
3364,5,1
3365,5,1
3366,6,0
3367,6,0
3368,6,1
3369,7,1
3370,7,1
3371,7,1
3372,8,1
3373,8,1
3374,8,1
3375,8,1
3376,8,1
3377,8,1
3378,9,1
3379,9,1
3380,10,0
3381,10,1
3382,10,1
3383,10,1
3384,10,1
3385,11,1
3386,11,1
3387,12,1
3388,12,1
3389,1,1
3390,1,1
3391,2,1
3392,2,1
3393,2,1
3394,3,1
3395,3,0
3396,3,1
3397,4,1
3398,4,1
3399,4,1
3400,4,1
3401,4,1
3402,4,1
3403,5,1
3404,5,1
3405,5,1
3406,6,1
3407,6,1
3408,6,1
3409,6,1
3410,7,1
3411,7,0
3412,7,1
3413,7,1
3414,7,0
3415,7,1
3416,8,1
3417,8,1
3418,9,1
3419,9,1
3420,9,1
3421,9,1
3422,9,1
3423,9,1
3424,10,1
3425,10,1
3426,10,1
3427,10,1
3428,10,1
3429,11,1
3430,11,1
3431,12,1
3432,12,1
3433,12,1
3434,12,1
3435,12,1
3436,12,1
3437,12,1
3438,1,1
3439,1,0
3440,2,1
3441,2,1
3442,2,1
3443,3,1
3444,3,1
3445,3,0
3446,4,1
3447,4,1
3448,4,1
3449,4,1
3450,4,1
3451,4,1
3452,5,1
3453,5,1
3454,5,1
3455,5,1
3456,6,1
3457,6,1
3458,6,1
3459,6,1
3460,6,0
3461,6,1
3462,6,1
3463,7,1
3464,7,1
3465,8,1
3466,8,1
3467,8,1
3468,9,0
3469,9,1
3470,9,1
3471,9,1
3472,9,1
3473,9,1
3474,10,1
3475,10,1
3476,10,1
3477,10,1
3478,10,1
3479,10,1
3480,11,1
3481,11,1
3482,11,1
3483,11,1
3484,12,1
3485,12,1
3486,12,1
3487,12,1
3488,1,1
3489,1,1
3490,2,1
3491,2,1
3492,3,1
3493,3,1
3494,3,1
3495,3,1
3496,3,1
3497,3,1
3498,4,1
3499,4,1
3500,4,1
3501,4,1
3502,4,1
3503,4,0
3504,5,1
3505,5,1
3506,5,1
3507,5,1
3508,6,1
3509,6,1
3510,6,1
3511,6,1
3512,6,1
3513,7,1
3514,7,1
3515,7,1
3516,8,0
3517,8,1
3518,8,0
3519,8,1
3520,9,1
3521,9,1
3522,9,1
3523,9,1
3524,9,1
3525,10,1
3526,10,1
3527,10,1
3528,10,1
3529,10,1
3530,10,1
3531,11,1
3532,11,1
3533,11,1
3534,12,1
3535,12,1
3536,1,1
3537,1,1
3538,1,1
3539,2,1
3540,2,1
3541,2,1
3542,2,0
3543,2,1
3544,3,1
3545,3,1
3546,3,1
3547,3,1
3548,4,1
3549,4,0
3550,4,1
3551,4,1
3552,5,1
3553,5,1
3554,5,1
3555,5,1
3556,6,1
3557,6,1
3558,6,1
3559,7,1
3560,7,1
3561,7,1
3562,7,1
3563,7,1
3564,7,1
3565,8,1
3566,8,1
3567,8,0
3568,8,1
3569,9,1
3570,9,1
3571,9,1
3572,9,1
3573,10,1
3574,10,1
3575,10,1
3576,10,1
3577,10,1
3578,11,1
3579,11,1
3580,11,1
3581,11,1
3582,11,1
3583,12,1
3584,12,1
3585,12,1
3586,2,1
3587,2,1
3588,2,1
3589,3,1
3590,4,1
3591,4,1
3592,4,1
3593,4,0
3594,4,1
3595,4,1
3596,4,1
3597,5,1
3598,5,1
3599,5,1
3600,5,1
3601,6,1
3602,6,1
3603,6,0
3604,6,1
3605,6,1
3606,6,1
3607,6,1
3608,7,1
3609,8,1
3610,8,1
3611,9,1
3612,9,1
3613,9,1
3614,9,1
3615,10,1
3616,11,1
3617,11,1
3618,11,1
3619,11,1
3620,12,1
3621,12,0
3622,12,1
3623,1,1
3624,1,1
3625,1,1
3626,2,0
3627,2,1
3628,2,1
3629,2,1
3630,3,0
3631,3,1
3632,3,1
3633,4,1
3634,4,1
3635,4,1
3636,5,1
3637,5,1
3638,5,1
3639,6,1
3640,6,1
3641,6,1
3642,7,1
3643,7,1
3644,7,1
3645,7,1
3646,8,1
3647,8,1
3648,8,1
3649,9,1
3650,9,1
3651,9,1
3652,9,1
3653,9,1
3654,9,1
3655,9,1
3656,10,1
3657,10,1
3658,10,1
3659,10,1
3660,10,1
3661,11,1
3662,11,1
3663,12,1
3664,12,1
3665,1,1
3666,2,1
3667,2,1
3668,2,1
3669,3,1
3670,4,1
3671,4,0
3672,4,1
3673,4,1
3674,5,1
3675,5,1
3676,5,1
3677,5,1
3678,5,0
3679,6,1
3680,6,1
3681,6,1
3682,6,1
3683,6,1
3684,7,1
3685,7,1
3686,7,1
3687,8,1
3688,8,1
3689,8,1
3690,9,1
3691,9,1
3692,9,0
3693,9,1
3694,10,1
3695,10,0
3696,10,1
3697,11,1
3698,12,1
3699,12,1
3700,12,1
3701,12,1
3702,12,1
3703,1,0
3704,1,1
3705,1,1
3706,1,1
3707,2,0
3708,2,1
3709,2,1
3710,2,1
3711,3,1
3712,3,1
3713,4,1
3714,5,1
3715,5,1
3716,5,1
3717,6,1
3718,6,1
3719,6,1
3720,6,1
3721,6,1
3722,7,1
3723,7,0
3724,7,1
3725,7,1
3726,8,1
3727,8,1
3728,8,1
3729,8,1
3730,8,1
3731,8,1
3732,9,1
3733,9,1
3734,9,1
3735,9,1
3736,9,1
3737,9,1
3738,9,1
3739,11,1
3740,11,1
3741,11,1
3742,11,1
3743,11,1
3744,12,1
3745,12,1
3746,12,1
3747,12,1
3748,12,1
3749,1,1
3750,1,1
3751,1,1
3752,1,1
3753,2,1
3754,2,1
3755,2,1
3756,3,1
3757,4,1
3758,4,1
3759,4,1
3760,4,1
3761,4,1
3762,4,1
3763,4,1
3764,5,1
3765,5,1
3766,5,1
3767,5,1
3768,5,1
3769,6,1
3770,6,1
3771,7,1
3772,7,1
3773,7,1
3774,7,1
3775,7,1
3776,7,1
3777,7,1
3778,7,1
3779,8,1
3780,8,1
3781,8,1
3782,8,0
3783,9,1
3784,9,1
3785,9,1
3786,9,1
3787,10,1
3788,10,1
3789,10,1
3790,10,0
3791,10,1
3792,11,1
3793,11,1
3794,12,1
3795,12,1
3796,12,1
3797,12,1
3798,12,1
3799,12,1
3800,12,1
3801,12,1
3802,1,1
3803,1,1
3804,1,1
3805,2,1
3806,2,1
3807,2,1
3808,2,1
3809,2,0
3810,3,1
3811,3,1
3812,3,1
3813,3,1
3814,3,1
3815,3,1
3816,3,1
3817,3,1
3818,4,1
3819,4,1
3820,4,1
3821,4,1
3822,5,1
3823,5,1
3824,6,1
3825,6,0
3826,7,1
3827,7,1
3828,7,1
3829,7,1
3830,8,1
3831,8,1
3832,8,1
3833,9,1
3834,9,1
3835,9,1
3836,9,1
3837,9,1
3838,9,1
3839,9,1
3840,10,1
3841,10,1
3842,10,1
3843,11,0
3844,11,1
3845,11,1
3846,11,1
3847,12,1
3848,12,0
3849,12,1
3850,12,1
3851,12,1
3852,12,1
3853,12,1
3854,1,1
3855,1,1
3856,1,1
3857,1,1
3858,1,1
3859,1,1
3860,2,1
3861,2,1
3862,2,1
3863,2,1
3864,2,1
3865,2,1
3866,2,1
3867,3,1
3868,3,1
3869,3,1
3870,3,1
3871,3,1
3872,3,1
3873,3,1
3874,3,1
3875,3,1
3876,3,1
3877,4,1
3878,4,1
3879,4,1
3880,4,1
3881,4,1
3882,4,1
3883,5,1
3884,5,1
3885,5,1
3886,5,1
3887,5,1
3888,5,1
3889,6,1
3890,6,1
3891,6,1
3892,6,1
3893,6,1
3894,6,1
3895,6,1
3896,6,1
3897,6,1
3898,6,1
3899,6,1
3900,7,1
3901,7,1
3902,7,1
3903,7,1
3904,8,1
3905,8,1
3906,8,1
3907,8,1
3908,8,1
3909,8,1
3910,8,0
3911,9,0
3912,9,1
3913,9,1
3914,9,1
3915,9,1
3916,9,1
3917,9,1
3918,10,1
3919,10,1
3920,10,1
3921,10,1
3922,10,1
3923,11,1
3924,11,1
3925,11,1
3926,11,1
3927,11,1
3928,11,1
3929,11,1
3930,11,1
3931,11,1
3932,12,0
3933,12,1
3934,12,1
3935,12,1
3936,12,1
3937,12,1
3938,12,1
3939,12,1
3940,12,1
3941,12,1
3942,12,1
3943,12,0
3944,1,1
3945,1,1
3946,1,1
3947,1,0
3948,1,1
3949,1,1
3950,1,1
3951,2,1
3952,2,1
3953,2,1
3954,2,1
3955,3,1
3956,3,1
3957,3,1
3958,3,1
3959,3,1
3960,3,1
3961,3,1
3962,4,1
3963,4,1
3964,4,1
3965,4,1
3966,5,1
3967,5,1
3968,5,1
3969,5,1
3970,5,1
3971,5,0
3972,5,1
3973,6,1
3974,6,1
3975,6,1
3976,6,1
3977,6,1
3978,6,1
3979,6,1
3980,6,0
3981,6,1
3982,6,1
3983,6,1
3984,6,1
3985,6,1
3986,7,0
3987,7,1
3988,7,0
3989,7,0
3990,7,1
3991,8,1
3992,8,1
3993,8,1
3994,8,1
3995,8,1
3996,8,1
3997,8,1
3998,8,1
3999,8,1
4000,8,0
4001,9,1
4002,9,1
4003,9,1
4004,9,1
4005,9,1
4006,9,1
4007,10,1
4008,10,1
4009,10,1
4010,10,1
4011,10,1
4012,10,1
4013,10,1
4014,10,1
4015,10,1
4016,11,1
4017,11,1
4018,11,1
4019,11,1
4020,11,1
4021,11,1
4022,11,1
4023,11,0
4024,12,1
4025,12,1
4026,12,1
4027,12,1
4028,12,1
4029,12,1
4030,12,1
4031,12,1
4032,12,1
4033,12,1
4034,12,1
4035,12,1
4036,1,1
4037,1,1
4038,1,1
4039,1,1
4040,1,1
4041,1,1
4042,1,1
4043,1,1
4044,1,1
4045,1,1
4046,1,1
4047,1,0
4048,1,1
4049,2,1
4050,2,1
4051,2,1
4052,2,1
4053,2,1
4054,2,1
4055,2,1
4056,2,1
4057,3,1
4058,3,1
4059,3,1
4060,3,1
4061,3,1
4062,3,1
4063,3,1
4064,3,1
4065,3,1
4066,3,1
4067,4,1
4068,4,1
4069,4,1
4070,4,1
4071,4,1
4072,4,1
4073,4,1
4074,4,1
4075,4,1
4076,4,1
4077,5,1
4078,5,1
4079,5,1
4080,5,1
4081,5,1
4082,5,1
4083,5,1
4084,6,1
4085,6,1
4086,6,1
4087,6,1
4088,6,1
4089,6,1
4090,6,1
4091,6,1
4092,7,1
4093,7,1
4094,7,1
4095,7,1
4096,7,1
4097,7,1
4098,7,1
4099,7,1
4100,7,1
4101,8,1
4102,8,1
4103,8,1
4104,8,1
4105,8,0
4106,9,1
4107,9,1
4108,9,1
4109,9,1
4110,9,1
4111,9,1
4112,9,1
4113,9,1
4114,10,1
4115,10,1
4116,10,0
4117,10,1
4118,10,1
4119,10,1
4120,10,1
4121,10,1
4122,10,0
4123,10,1
4124,10,1
4125,11,1
4126,11,1
4127,11,1
4128,11,1
4129,11,1
4130,11,1
4131,11,1
4132,11,1
4133,11,1
4134,11,1
4135,11,1
4136,11,1
4137,11,1
4138,12,1
4139,12,1
4140,12,1
4141,12,1
4142,12,1
4143,12,1
4144,12,1
4145,12,1
4146,12,1
4147,12,1
4148,12,1
4149,12,1
4150,12,1
4151,12,1
4152,12,1
4153,1,1
4154,1,1
4155,1,0
4156,1,1
4157,1,1
4158,1,1
4159,1,1
4160,1,1
4161,2,0
4162,2,1
4163,2,1
4164,2,1
4165,2,1
4166,3,1
4167,3,0
4168,3,1
4169,3,1
4170,3,1
4171,3,1
4172,3,0
4173,3,1
4174,3,1
4175,4,1
4176,4,1
4177,4,1
4178,4,1
4179,4,1
4180,4,1
4181,4,1
4182,5,1
4183,5,1
4184,5,1
4185,5,1
4186,5,1
4187,5,0
4188,5,1
4189,5,1
4190,5,1
4191,6,1
4192,6,1
4193,6,1
4194,6,1
4195,6,1
4196,6,1
4197,6,0
4198,7,1
4199,7,1
4200,7,0
4201,7,1
4202,7,1
4203,7,1
4204,7,1
4205,7,1
4206,7,1
4207,7,1
4208,7,1
4209,8,1
4210,8,1
4211,8,1
4212,8,1
4213,8,1
4214,8,1
4215,8,1
4216,8,1
4217,8,1
4218,8,0
4219,8,1
4220,8,1
4221,9,1
4222,9,1
4223,9,1
4224,9,1
4225,9,1
4226,9,1
4227,9,1
4228,10,1
4229,10,1
4230,10,1
4231,10,1
4232,10,1
4233,10,0
4234,11,1
4235,11,1
4236,11,1
4237,11,1
4238,11,1
4239,11,1
4240,11,1
4241,11,1
4242,11,1
4243,11,1
4244,11,1
4245,11,1
4246,12,1
4247,12,1
4248,12,1
4249,12,1
4250,12,1
4251,12,1
4252,12,1
4253,12,1
4254,12,1
4255,12,1
4256,12,1
4257,12,1
4258,12,1
4259,12,1
4260,12,1
4261,12,1
4262,1,1
4263,1,1
4264,1,1
4265,1,1
4266,1,1
4267,1,1
4268,1,1
4269,1,1
4270,2,1
4271,2,1
4272,2,0
4273,2,1
4274,2,1
4275,2,1
4276,2,1
4277,2,1
4278,2,1
4279,3,1
4280,3,1
4281,3,0
4282,3,1
4283,3,1
4284,3,1
4285,3,1
4286,3,1
4287,4,1
4288,4,0
4289,4,1
4290,4,1
4291,4,1
4292,5,1
4293,5,1
4294,5,1
4295,5,1
4296,5,1
4297,5,0
4298,5,1
4299,5,1
4300,5,1
4301,6,1
4302,6,1
4303,6,1
4304,6,1
4305,6,1
4306,6,1
4307,6,1
4308,7,1
4309,7,0
4310,7,1
4311,7,1
4312,7,1
4313,7,0
4314,7,1
4315,7,1
4316,7,1
4317,7,1
4318,7,1
4319,7,1
4320,7,1
4321,7,1
4322,8,1
4323,8,1
4324,8,1
